Workbook

Sheet Consolidado
B2: R$ | C2: VENDIDO | D2: SOLUÇÃO | E2: SERVIÇO | G2: 2025 | L2: CATEGORIA | M2: US$ | P2: DROPBOX | Q2: =SUM('Até Fev'!H11,'Março'!H14,Abril!H14,Maio!H14,Junho!H14,Julho!H16,Agosto!H18,Setembro!H18,Outubro!H19,Novembro!H20,Dezembro!H18) -> 322806.04
B3: FEVEREIRO | C3: ='Até Fev'!H3 -> 445612.79 | D3: ='Até Fev'!H5 -> 188612.79 | E3: ='Até Fev'!H6 -> 257000 | G3: US$ | H3: VENDIDO | I3: SOLUÇÃO | J3: SERVIÇO | L3: LICENCIAMENTO - ACSFLOW | M3: =SUM('Até Fev'!H10:H11,'Março'!H14,Abril!H14:H15,Maio!H14,Junho!H14,Julho!H16,Agosto!H18:H19,Setembro!H18:H19,Outubro!H19,Novembro!H20:H21,Dezembro!H18) -> 352096.6 | P3: FIGMA | Q3: =SUM(Agosto!H19,Setembro!H19,Novembro!H21) -> 27560.741
B4: MARÇO | C4: ='Março'!H5 -> 1066563.4 | D4: ='Março'!H9 -> 724192.89 | E4: ='Março'!H10 -> 317338.41 | G4: FEVEREIRO | H4: ='Até Fev'!I3 -> 76829.791 | I4: ='Até Fev'!I5 -> 32519.447 | J4: ='Até Fev'!I6 -> 44310.345 | L4: MSS | M4: =SUM('Até Fev'!H12,'Março'!H13,Maio!H13,Setembro!H17,Outubro!H18,Novembro!H19) -> 286696.38 | P4: RESECURITY | Q4: =Novembro!D8 -> 20599
B5: ABRIL | G5: MARÇO | H5: =SUM(I5,J5) -> 179574.36 | I5: ='Março'!I9 -> 124860.84 | J5: ='Março'!I10 -> 54713.519 | L5: CONSULTORIA - ASSESSMENT, CSIRT, FIELD SERVICES | M5: =SUM('Até Fev'!H9,Maio!H15,Julho!H17,Novembro!H23,Novembro!D3) -> 176107.73 | P5: CHECKPOINT | Q5: =Agosto!D6 -> 16666
B6: MAIO | G6: ABRIL | H6: 10519.57 | I6: 10519.57 | J6: 0 | L6: LICENCIAMENTO - ACCYBERPRO | M6: =SUM(Agosto!H20,Outubro!D13,Novembro!D8) -> 39491.226 | P6: PENTEST | Q6: =Outubro!D13 -> 2226.2264
B7: JUNHO | G7: MAIO | H7: =Maio!H5 -> 44537.334 | I7: =Maio!H9 -> 1872 | J7: =Maio!H10 -> 42665.334 | P7: CLICKUP | Q7: =SUM('Até Fev'!H10,Abril!H15,) -> 1729.8158
B8: JULHO | G8: JUNHO | H8: =Junho!H9 -> 55831 | I8: =H8 -> 55831 | J8: 0
B9: AGOSTO | G9: JULHO | H9: =SUM(I9:J9) -> 34691.07 | I9: =Julho!H9 -> 25219.65 | J9: =SUM(Julho!D8) -> 9471.42
B10: SETEMBRO | G10: AGOSTO | H10: =Agosto!H8 -> 40868.4 | I10: =Agosto!H12 -> 40868.4 | J10: 0
B11: OUTUBRO | G11: SETEMBRO | H11: =Setembro!H8 -> 37324.352 | I11: =Setembro!H12 -> 3991.0185 | J11: =Setembro!H13 -> 33333.333
B12: NOVEMBRO | G12: OUTUBRO | H12: =Outubro!H8 -> 86962.344 | I12: =Outubro!H12 -> 15536.738 | J12: =Outubro!H13 -> 71425.606
B13: DEZEMBRO | G13: NOVEMBRO | H13: =Novembro!H9 -> 152929.38 | I13: =Novembro!H13 -> 72337.121 | J13: =Novembro!H14 -> 80592.259
B14: TOTAL | C14: =SUM(C3:C13) -> 1512176.2 | D14: =SUM(D3:D13) -> 912805.68 | E14: =SUM(E3:E13) -> 574338.41 | G14: DEZEMBRO | H14: =Dezembro!H8 -> 7232.963 | I14: =H14 -> 7232.963 | J14: =H14-I14 -> 0
G15: TOTAL | H15: =SUM(H4:H14) -> 727300.57 | I15: =SUM(I4:I14) -> 390788.75 | J15: =SUM(J4:J14) -> 336511.82
G16: MÉDIA | H16: =AVERAGE(H4:H9) -> 66997.188 | I16: =AVERAGE(I4:I9) -> 41803.752 | J16: =AVERAGE(J4:J9) -> 25193.436
G18: 2026 | L18: PROJETADO
G19: US$ | H19: VENDIDO | I19: SOLUÇÃO | J19: SERVIÇO | L19: 2026 | M19: US$
G20: JANEIRO | H20: ='Jan26'!H8 -> 56161.677 | I20: =H20-J20 -> 12939.455 | J20: ='Jan26'!D5 -> 43222.222 | L20: LICENCIAMENTO - CYBER & FLOW | M20: =M3*3 -> 1056289.8
G21: FEVEREIRO | H21: ='Fev26'!H8 -> 19528.75 | I21: =H21 -> 19528.75 | J21: =H21-I21 -> 0 | L21: MSS | M21: =M4*3 -> 860089.13
G22: MARÇO | H22: ='Mar26'!H10 -> 22008.03 | I22: =H22 -> 22008.03 | J22: =H22-I22 -> 0 | L22: SOC | M22: =M5*3 -> 528323.19
G23: ABRIL | H23: ='Apr26'!H14 -> 6140 | I23: =H23 -> 6140 | J23: =H23-I23 -> 0 | L23: ASSESSMENT, CSIRT, TREINAMENTO | M23: =M6*3 -> 118473.68
G24: MAIO | H24: ='May26'!H14 -> 75344.741 | I24: =H24 -> 75344.741 | J24: =H24-I24 -> 0
G25: JUNHO | H25: ='Jun26'!H14 -> 17351.216 | I25: ='Jun26'!H18 -> 12811.608 | J25: ='Jun26'!H19 -> 4539.6078
G26: JULHO | H26: ='Jul26'!H14 -> 37747.588 | I26: ='Jul26'!H18 -> 21277 | J26: ='Jul26'!H19 -> 16470.588
G27: AGOSTO | H27: ='Ago26'!H14 -> 41129.038 | I27: ='Ago26'!H18 -> 2667.5 | J27: ='Ago26'!H19 -> 38461.538
G28: SETEMBRO | H28: ='Set26'!H14 -> 234406.74
G29: OUTUBRO
G30: NOVEMBRO
G31: DEZEMBRO
G32: TOTAL | H32: =SUM(H20:H31) -> 509817.78 | I32: =SUM(I21:I31) -> 159777.63 | J32: =SUM(J21:J31) -> 59471.735
G33: MÉDIA | H33: =AVERAGE(H21:H26) -> 29686.721 | I33: =AVERAGE(I21:I26) -> 26185.021 | J33: =AVERAGE(J21:J26) -> 3501.6993

Sheet Out26
A1: PIPELINE ACCYBER PRO OUT
A2: EMPRESA | B2: TORRE | C2: PARCEIRO | D2: VALOR | E2: RESPONSAVEL
A3: GRUPO AGUAS DO BRASIL | B3: SOLUCAO | C3: RESECURITY | D3: 29000 | E3: ADRIANA
A4: COMPENSADOS GUARARAPES | B4: SOLUCAO | C4: RESECURITY | D4: 25000 | E4: ADRIANA
A5: CSN | B5: SOLUCAO | C5: RESECURITY | D5: 24000 | E5: ADRIANA
A6: VOKE | B6: SERVICO | C6: CLOUDFLARE | D6: 15000 | E6: ADRIANA
A7: SENAI CE | B7: SOLUCAO | C7: FIGMA | D7: =17175.76/5.16 -> 3328.6357 | E7: ADRIANA
A8: BRISTOW | B8: SOLUCAO | C8: DROPBOX | D8: 1380 | E8: ADRIANA
A9: FUNDACAO CARLOS ALBERTO VANZOLINI | B9: SOLUCAO | C9: DROPBOX | D9: 2598 | E9: ADRIANA
H11: $
G12: Total Forecast | H12: =D27 | I12: 1
D13: =SUM(D3:D9) -> 100306.64
G14: Total Fechado | H14: =SUM(#REF!,#REF!,D7,D11,#REF!,#REF!,#REF!,#REF!,#REF!) -> #REF! | I14: =H14/H12 -> #REF!
G15: Total Perdido | I15: =H15/H12 -> #DIV/0!
G16: Total DPD | I16: =H16/H12 -> #DIV/0!
G18: Torre de Solução | H18: =SUM(#REF!,D7,D11,#REF!,#REF!,#REF!,#REF!,#REF!) -> #REF!
G19: Torre de Serviço | H19: =#REF! -> #REF!
G20: Total | H20: =SUM(H18:H19) -> #REF!

Sheet Set26
A1: PIPELINE ACCYBER PRO SET
A2: EMPRESA | B2: TORRE | C2: PARCEIRO | D2: VALOR | E2: RESPONSAVEL
A3: HAVAN | B3: SOLUCAO | C3: DELINEA | D3: 332000 | E3: LUANA
A4: SICOOB CONFEDERACAO | B4: SERVICO | C4: MSS | D4: =1045127.57/5.14 -> 203332.21 | E4: MANO
A5: ANCINE | B5: SERVICO | C5: MSS | D5: =1000000/5.2 -> 192307.69 | E5: MANO
A6: KINGSPAN ISOESTE | B6: SOLUCAO | C6: CHECKPOINT | D6: 33000 | E6: TAIS
A7: GRUPO AGUAS DO BRASIL | B7: SOLUCAO | C7: RESECURITY | D7: 29000 | E7: ADRIANA
A8: CTC | B8: SERVICO | C8: CONSULTORIA | D8: 28000 | E8: ADRIANA
A9: ABIN | B9: SOLUCAO | C9: JFROG | D9: 27000 | E9: ADRIANA
A10: COMPENSADOS GUARARAPES | B10: SOLUCAO | C10: RESECURITY | D10: 25000 | E10: ADRIANA
A11: CSN | B11: SOLUCAO | C11: RESECURITY | D11: 24000 | E11: ADRIANA | H11: $
A12: CONAB | B12: SOLUCAO | C12: FIGMA | D12: 12000 | E12: ADRIANA | G12: Total Forecast | H12: =D28 -> 961880.76 | I12: 1
A13: WPS | B13: SERVICO | C13: CONSULTORIA | D13: 10000 | E13: ADRIANA
A14: GRUPO COMPEL | B14: SOLUCAO | C14: DROPBOX | D14: 6140 | E14: ADRIANA | G14: Total Fechado | H14: =SUM(D4,D12,D14,D15,D17,D20,D21,D22) -> 234406.74 | I14: =H14/H12 -> 0.24369626
A15: TCE RN | B15: SOLUCAO | C15: FIGMA | D15: 5836.66 | E15: ADRIANA | G15: Total Perdido | I15: =H15/H12 -> 0
A16: SEBRAE SP | B16: SOLUCAO | C16: FIGMA | D16: 5280 | E16: ADRIANA | G16: Total DPD | I16: =H16/H12 -> 0
A17: LIGHT | B17: SOLUCAO | C17: FIGMA | D17: 4740 | E17: ADRIANA
A18: PREVI | B18: SOLUCAO | C18: FIGMA | D18: =18500/5.2 -> 3557.6923 | E18: ADRIANA | G18: Torre de Solução | H18: =SUM(D12,D14,D15,D17,D20,D21,D22) -> 31074.53
A19: SENAI CE | B19: SOLUCAO | C19: FIGMA | D19: =17175.76/5.16 -> 3328.6357 | E19: ADRIANA | G19: Torre de Serviço | H19: =D4 -> 203332.21
A20: MUSIC | B20: SOLUCAO | C20: DROPBOX | D20: 1200 | E20: ADRIANA | G20: Total | H20: =SUM(H18:H19) -> 234406.74
A21: CIPEC | B21: SOLUCAO | C21: DROPBOX | D21: 960 | E21: ADRIANA
A22: OLIVEIRA & ABDUL | B22: SOLUCAO | C22: DROPBOX | D22: 197.87 | E22: ADRIANA
A23: VOKE | B23: SERVICO | C23: CLOUDFLARE | D23: 15000 | E23: ADRIANA
D28: =SUM(D3:D26) -> 961880.76

Sheet Ago26
A1: PIPELINE ACCYBER PRO AGO
A2: EMPRESA | B2: TORRE | C2: PARCEIRO | D2: VALOR | E2: RESPONSAVEL
A3: SICOOB CONFEDERACAO | B3: SERVICO | C3: MSS | D3: 140000 | E3: MANO
A4: GRUPO AGUAS DO BRASIL | B4: SOLUCAO | C4: CHECKPOINT | D4: 78000 | E4: ADRIANA
A5: KINGSPAN ISOESTE | B5: SOLUCAO | C5: CHECKPOINT | D5: 33000 | E5: TAIS
A6: COMPENSADOS GUARARAPES | B6: SOLUCAO | C6: RESECURITY | D6: 25000 | E6: ADRIANA
A7: ATHENA SAUDE | B7: SOLUCAO | C7: RESECURITY | D7: 29000 | E7: KAMILLA
A8: CSN | B8: SOLUCAO | C8: RESECURITY | D8: 24000 | E8: ADRIANA
A9: GRUPO AGUAS DO BRASIL | B9: SOLUCAO | C9: RESECURITY | D9: 29000 | E9: ADRIANA
A10: CTC | B10: SERVICO | C10: CONSULTORIA | D10: 28000 | E10: ADRIANA
A11: CONTA SIMPLES | B11: SOLUCAO | C11: SENTINELONE | D11: 21758.84 | E11: LUANA | H11: $
A12: CONTA SIMPLES | B12: SERVICO | C12: MSS | D12: 21758.84 | E12: LUANA | G12: Total Forecast | H12: =D27 -> 522572.41 | I12: 1
A13: MAGALU PAY | B13: SERVICO | C13: MSS | D13: =100000/5.2 -> 19230.769 | E13: JHONATHAN
A14: CONSORCIO MAGALU | B14: SERVICO | C14: MSS | D14: =100000/5.2 -> 19230.769 | E14: JHONATHAN | G14: Total Fechado | H14: =SUM(D23:D25,D13:D14) -> 41129.038 | I14: =H14/H12 -> 0.078704956
A15: UNIMED VTPR | B15: SERVICO | C15: CONSCIENTIZACAO | D15: 19000 | E15: KAMILLA | G15: Total Perdido | I15: =H15/H12 -> 0
A16: CONAB | B16: SOLUCAO | C16: FIGMA | D16: 12019 | E16: ADRIANA | G16: Total DPD | I16: =H16/H12 -> 0
A17: TCE RN | B17: SOLUCAO | C17: FIGMA | D17: 5769 | E17: ADRIANA
A18: LIGHT | B18: SOLUCAO | C18: FIGMA | D18: 4740 | E18: ADRIANA | G18: Torre de Solução | H18: =SUM(D23:D25) -> 2667.5
A19: LWART | B19: SERVICO | C19: PENTEST | D19: 4000 | E19: TAIS | G19: Torre de Serviço | H19: =SUM(D13:D14) -> 38461.538
A20: PREVI | B20: SOLUCAO | C20: FIGMA | D20: =18500/5.2 -> 3557.6923 | E20: ADRIANA | G20: Total | H20: =SUM(H18:H19) -> 41129.038
A21: MUSIC | B21: SOLUCAO | C21: DROPBOX | D21: 1440 | E21: ADRIANA
A22: SENAC | B22: SOLUCAO | C22: FIGMA | D22: 1400 | E22: ADRIANA
A23: LIVONIUS | B23: SOLUCAO | C23: DROPBOX | D23: 1367 | E23: DANI
A24: COMERCIO DE COMBUSTIVEL | B24: SOLUCAO | C24: DROPBOX | D24: 651 | E24: ADRIANA
A25: UNSACON | B25: SOLUCAO | C25: DROPBOX | D25: 649.5 | E25: DANI
D27: =SUM(D3:D25) -> 522572.41

Sheet Jul26
A1: PIPELINE ACCYBER PRO JUL
A2: EMPRESA | B2: TORRE | C2: PARCEIRO | D2: VALOR | E2: RESPONSAVEL
A3: SICOOB CONFEDERACAO | B3: SERVICO | C3: MSS | D3: 140000 | E3: MANO
A4: BULGARELLI | B4: SOLUCAO | C4: SENTINELONE | D4: 63000 | E4: LUANA
A5: GRUPO OVD | B5: SOLUCAO | C5: CLOUDFLARE | D5: 47000 | E5: MANO
A6: KINGSPAN ISOESTE | B6: SOLUCAO | C6: CHECKPOINT | D6: 29000 | E6: TAIS
A7: CTC | B7: SERVICO | C7: CONSULTORIA | D7: 28000 | E7: ADRIANA
A8: WPS | B8: SOLUCAO | C8: RESECURITY | D8: 22000 | E8: ADRIANA
A9: CONTA SIMPLES | B9: SOLUCAO | C9: SENTINELONE | D9: 21800 | E9: LUANA
A10: ACRISURE / ITSEG | B10: SERVICO | C10: MSS | D10: 20000 | E10: JONATHAN
A11: UNIMED VTPR | B11: SERVICO | C11: CONSCIENTIZACAO | D11: 19000 | E11: KAMILLA | H11: $
A12: CONSUMIDOR POSITIVO | B12: SOLUCAO | C12: FIGMA | D12: =90000/5.2 -> 17307.692 | E12: ADRIANA | G12: Total Forecast | H12: =D23 -> 463506.28 | I12: 1
A13: C&A | B13: SERVICO | C13: MSS | D13: =84000/5.1 -> 16470.588 | E13: ALYSSON
A14: BULGARELLI | B14: SERVICO | C14: MSS | D14: 15000 | E14: LUANA | G14: Total Fechado | H14: =SUM(D18,D15,D20,D19,D16,D13) -> 37747.588 | I14: =H14/H12 -> 0.081439216
A15: MINU.CO | B15: SOLUCAO | C15: SENTINELONE | D15: 12031 | E15: LUANA | G15: Total Perdido | I15: =H15/H12 -> 0
A16: PRATICA KLIMAQUIP | B16: SOLUCAO | C16: DROPBOX | D16: 6300 | E16: ADRIANA | G16: Total DPD | I16: =H16/H12 -> 0
A17: LORENZETTI | B17: SERVICO | C17: PENTEST | D17: 3000 | E17: MANO
A18: ARTE E ATITUDE | B18: SOLUCAO | C18: DROPBOX | D18: 1260 | E18: ADRIANA | G18: Torre de Solução | H18: =SUM(D15,D16,D18,D19,D20) -> 21277
A19: HOSPITAL DE CARIDADE E BENEFICIENCIA | B19: SOLUCAO | C19: DROPBOX | D19: 1035 | E19: ADRIANA | G19: Torre de Serviço | H19: =D13 -> 16470.588
A20: TABELIONATO DE MARINALVA | B20: SOLUCAO | C20: DROPBOX | D20: 651 | E20: ADRIANA | G20: Total | H20: =SUM(H18:H19) -> 37747.588
A21: COMERCIO DE COMBUSTIVEL | B21: SOLUCAO | C21: DROPBOX | D21: 651 | E21: ADRIANA
D23: =SUM(D3:D21) -> 463506.28

Sheet Jun26
A1: PIPELINE ACCYBER PRO JUN
A2: EMPRESA | B2: TORRE | C2: PARCEIRO | D2: VALOR | E2: RESPONSAVEL
A3: GRUPO MARISTA | B3: SOLUCAO | C3: FIGMA | D3: 125000 | E3: ADRIANA
A4: SENADO | B4: SOLUCAO | C4: FIGMA | D4: 75000 | E4: ADRIANA
A5: GRUPO OVD | B5: SOLUCAO | C5: CLOUDFLARE | D5: 47000 | E5: MANO
A6: ASSAI | B6: SOLUCAO | C6: DROPBOX | D6: 40000 | E6: CARLA
A7: KINGSPAN ISOESTE | B7: SOLUCAO | C7: RESECURITY | D7: 29000 | E7: TAIS
A8: ABIN | B8: SOLUCAO | C8: JFROG | D8: 27000 | E8: ADRIANA
A9: CAMARA DOS DEPUTADOS | B9: SOLUCAO | C9: FIGMA | D9: =129000/5.1 -> 25294.118 | E9: ADRIANA
A10: HPD | B10: SOLUCAO | C10: SENTINELONE | D10: 23000 | E10: MANO
A11: WPS | B11: SOLUCAO | C11: RESECURITY | D11: 22000 | E11: ADRIANA | H11: $
A12: ACRISURE / ITSEG | B12: SERVICO | C12: MSS | D12: 20000 | E12: JONATHAN | G12: Total Forecast | H12: =D27 -> 493918.88 | I12: 1
A13: MESSER | B13: SOLUCAO | C13: RESECURITY | D13: 19000 | E13: ADRIANA
A14: MINU.CO | B14: SOLUCAO | C14: SENTINELONE | D14: 12000 | E14: LUANA | G14: Total Fechado | H14: =SUM(D15,D18,D20,D21,D22,D23,D25) -> 17351.216 | I14: =H14/H12 -> 0.035129687
A15: IMM ESPORTE | B15: SOLUCAO | C15: DROPBOX | D15: 8350 | E15: CARLA | G15: Total Perdido | I15: =H15/H12 -> 0
A16: PRATICA KLIMAQUIP | B16: SOLUCAO | C16: DROPBOX | D16: 6250 | E16: CARLA | G16: Total DPD | I16: =H16/H12 -> 0
A17: LORENZETTI | B17: SERVICO | C17: PENTEST | D17: 3000 | E17: MANO
A18: BULGARELLI | B18: SERVICO | C18: PENTEST | D18: =12852/5.1 -> 2520 | E18: LUANA | G18: Torre de Solução | H18: =SUM(D15,D20,D22,D23,D25) -> 12811.608
A19: TOPPEN | B19: SERVICO | C19: MSS | D19: =12100/5.1 -> 2372.549 | E19: ADRIANA | G19: Torre de Serviço | H19: =SUM(D18,D21) -> 4539.6078
A20: FINISH | B20: SOLUCAO | C20: DROPBOX | D20: 2070 | E20: CARLA | G20: Total
A21: TOPPEN | B21: SERVICO | C21: CONSCIENTIZACAO | D21: =10300/5.1 -> 2019.6078 | E21: ADRIANA
A22: LIGHT | B22: SOLUCAO | C22: FIGMA | D22: =5557/5.1 -> 1089.6078 | E22: ADRIANA
A23: JURUA EDITORA | B23: SOLUCAO | C23: DROPBOX | D23: 651 | E23: CARLA
A24: IHARABRAS | B24: SOLUCAO | C24: DROPBOX | D24: 651 | E24: CARLA
A25: SERRAPARK | B25: SOLUCAO | C25: DROPBOX | D25: 651 | E25: CARLA
D27: =SUM(D3:D26) -> 493918.88

Sheet May26
A1: PIPELINE ACCYBER PRO MAY
A2: EMPRESA | B2: TORRE | C2: PARCEIRO | D2: VALOR | E2: RESPONSAVEL
A3: SERPRO | B3: SOLUCAO | C3: FIGMA | D3: 580000 | E3: ADRIANA
A4: GRUPO MARISTA | B4: SOLUCAO | C4: FIGMA | D4: 80000 | E4: ADRIANA
A5: SENAC SP | B5: SOLUCAO | C5: FIGMA | D5: =299999/4.95 -> 60605.859 | E5: ADRIANA | F5: OK
A6: FUNCEF | B6: SERVICO | C6: MSS | D6: 50000 | E6: EDILAINE
A7: ASSAI | B7: SOLUCAO | C7: DROPBOX | D7: 40000 | E7: CARLA
A8: DIRECIONAL ENGENHARIA | B8: SOLUCAO | C8: RESECURITY | D8: 29000 | E8: TAIS
A9: FUNCEF | B9: SOLUCAO | C9: RESECURITY | D9: 29000 | E9: EDILAINE
A10: KINGSPAN ISOESTE | B10: SOLUCAO | C10: RESECURITY | D10: 29000 | E10: TAIS
A11: C&A | B11: SERVICO | C11: MSS | D11: 20000 | E11: ALYSSON | H11: $
A12: ACRISURE / ITSEG | B12: SERVICO | C12: MSS | D12: 20000 | E12: JONATHAN | G12: Total Forecast | H12: =D25 -> 972176.7 | I12: 1
A13: ENTREVIAS | B13: SERVICO | C13: CONSCIENTIZACAO | D13: 10000 | E13: TAIS
A14: FIA | B14: SOLUCAO | C14: DROPBOX | D14: 4552 | E14: CARLA | G14: Total Fechado | H14: =SUM(D5,D14,D15,D17,D20,D21,D23) -> 75344.741 | I14: =H14/H12 -> 0.077501077
A15: VICAR | B15: SOLUCAO | C15: DROPBOX | D15: 4485 | E15: CARLA | G15: Total Perdido | H15: =SUM(D3,D8,D13,D14,D17) -> 626497.88 | I15: =H15/H12 -> 0.64442799
A16: EQT INSTITUTO | B16: SOLUCAO | C16: FIGMA | D16: =19900/5.1 -> 3901.9608 | E16: ADRIANA | G16: Total DPD | I16: =H16/H12 -> 0
A17: PREFEITURA DE SANTOS | B17: SOLUCAO | C17: FIGMA | D17: =15024/5.1 -> 2945.8824 | E17: ADRIANA
A18: ALMAH | B18: SOLUCAO | C18: CLICKUP | D18: 2760 | E18: CARLA
A19: FDTE | B19: SOLUCAO | C19: DROPBOX | D19: 1519 | E19: CARLA
A20: IMM HOLDING | B20: SOLUCAO | C20: DROPBOX | D20: 1085 | E20: CARLA
A21: MOOVEN | B21: SOLUCAO | C21: DROPBOX | D21: 1020 | E21: CARLA
A22: TOPPEN | B22: SERVICO | C22: CONSCIENTIZACAO | D22: 1000 | E22: ADRIANA
A23: OLIVEIRA VALE | B23: SOLUCAO | C23: DROPBOX | D23: 651 | E23: CARLA
A24: JURUA EDITORA | B24: SOLUCAO | C24: DROPBOX | D24: 651 | E24: CARLA
D25: =SUM(D3:D24) -> 972176.7

Sheet Apr26
A1: PIPELINE ACCYBER PRO APR
A2: EMPRESA | B2: TORRE | C2: PARCEIRO | D2: VALOR | E2: RESPONSAVEL
A3: UNIMED SANTA CATARINA | B3: SOLUCAO | C3: TERAMIND | D3: =980000/5.2 -> 188461.54 | E3: ADRIANA
A4: ASSAI | B4: SOLUCAO | C4: DROPBOX | D4: 55000 | E4: CARLA
A5: AZUL | B5: SOLUCAO | C5: RESECURITY | D5: 32000 | E5: ADRIANA
A6: CSN | B6: SOLUCAO | C6: RESECURITY | D6: 32000 | E6: ADRIANA
A7: CPQD | B7: SOLUCAO | C7: RESECURITY | D7: 22000 | E7: ADRIANA
A8: MYRALIS | B8: SERVICO | C8: MSS | D8: =100000/5.3 -> 18867.925 | E8: LUANA
A9: BULGARELLI | B9: SERVICO | C9: BUGPAY | D9: =90000/5.2 -> 17307.692 | E9: ALYSSON
A10: FIA | B10: SOLUCAO | C10: DROPBOX | D10: =7300 -> 7300 | E10: CARLA
A11: VICAR | B11: SOLUCAO | C11: DROPBOX | D11: 4140 | E11: CARLA | H11: $
A12: AMPLUS | B12: SOLUCAO | C12: DROPBOX | D12: 2000 | E12: CARLA | G12: Total Forecast | H12: =D20 -> 382483.16 | I12: 1
A13: CGG | B13: SOLUCAO | C13: DROPBOX | D13: =8600/5 -> 1720 | E13: CARLA
A14: KEKO ASSESSORIOS | B14: SOLUCAO | C14: DROPBOX | D14: 1035 | E14: CARLA | G14: Total Fechado | H14: =SUM(D11,D12,D16,D17,D18) -> 6140 | I14: =H14/H12 -> 0.016052995
A15: ARTHEMA | B15: SOLUCAO | C15: DROPBOX | D15: 651 | E15: CARLA | G15: Total Perdido | I15: =H15/H12 -> 0
G16: Total DPD | I16: =H16/H12 -> 0
D20: =SUM(D2:D15) -> 382483.16

Sheet Mar26
A1: PIPELINE ACCYBER PRO MAR
A2: EMPRESA | B2: TORRE | C2: PARCEIRO | D2: VALOR | E2: RESPONSAVEL
A3: B2W | AMERICANAS | B3: SOLUCAO | C3: FIGMA | D3: =360000/5.2 -> 69230.769 | E3: ADRIANA
A4: DETRAN RO | B4: SERVICO | C4: MSS | D4: =350000/5.2 -> 67307.692 | E4: ADRIANA
A5: ASSAI | B5: SOLUCAO | C5: DROPBOX | D5: 55000 | E5: CARLA
A6: CPQD | B6: SOLUCAO | C6: RESECURITY | D6: 22000 | E6: ADRIANA
A7: SETTER | B7: SOLUCAO | C7: DROPBOX | D7: 10032 | E7: CARLA | H7: $
A8: MUSIC2 | B8: SOLUCAO | C8: DROPBOX | D8: 9975 | E8: CARLA | G8: Total Forecast | H8: =D16 -> 248340.34 | I8: 1
A9: RORAIMA ENERGIA | B9: SOLUCAO | C9: SOLARWINDS | D9: =28000/5.2 -> 5384.6154 | E9: ADRIANA
A10: VICAR | B10: SOLUCAO | C10: DROPBOX | D10: 4140 | E10: CARLA | G10: Total Fechado | H10: =SUM(D7,D8,D12,D13,D14) -> 22008.03 | I10: =H10/H8 -> 0.08862044
A11: BASA | B11: SOLUCAO | C11: FIGMA | D11: =17000/5.2 -> 3269.2308 | E11: ADRIANA | G11: Total Perdido | I11: =H11/H8 -> 0
A12: CLINICA VIA HUMANA MENSAL | B12: SOLUCAO | C12: DROPBOX | D12: =77.67*9 -> 699.03 | E12: CARLA | G12: Total DPD | I12: =H12/H8 -> 0
A13: HSAV | B13: SOLUCAO | C13: DROPBOX | D13: 651 | E13: CARLA
A14: ALDEIA LIGHT | B14: SOLUCAO | C14: DROPBOX | D14: 651 | E14: CARLA | G14: Torre de Solução
G15: Torre de Serviço
D16: =SUM(D2:D14) -> 248340.34 | G16: Total

Sheet Fev26
A1: PIPELINE ACCYBER PRO FEV
A2: EMPRESA | B2: TORRE | C2: PARCEIRO | D2: VALOR | E2: RESPONSAVEL
A3: MUSIC2 | B3: SOLUÇÃO | C3: DROPBOX | D3: 67000 | E3: CARLA
A4: DETRAN RO | B4: SERVICO | C4: MSS | D4: =340000/5.4 -> 62962.963 | E4: ADRIANA
A5: JUSBRASIL | B5: SOLUCAO | C5: FIGMA | D5: =200000/5.22 -> 38314.176 | E5: ADRIANA | H5: $
A6: NSTECH | B6: SOLUCAO | C6: FIGMA | D6: =172000/5.4 -> 31851.852 | E6: ADRIANA | G6: Total Forecast | H6: =SUM(D3:D14) -> 247021.74 | I6: 1
A7: ANDBANK | B7: SOLUÇÃO | C7: RESECURITY | D7: 22000 | E7: ADRIANA
A8: EMBRACON | B8: SOLUCAO | C8: DROPBOX | D8: 16200 | E8: CARLA | G8: Total Fechado | H8: =SUM(D8,D11:D14) -> 19528.75 | I8: =H8/H6 -> 0.079056807
A9: VICAR renovação em maio | B9: SOLUCAO | C9: DROPBOX | D9: 4140 | E9: CARLA | G9: Total Perdido | I9: =H9/H6 -> 0
A10: DUFFEL | B10: SOLUCAO | C10: DROPBOX | D10: 1224 | E10: CARLA | G10: Total DPD | I10: =H10/H6 -> 0
A11: CIMY | B11: SOLUCAO | C11: DROPBOX | D11: 1035 | E11: CARLA
A12: ASSIST | B12: SOLUCAO | C12: DROPBOX | D12: 983.25 | E12: CARLA | G12: Torre de Solução
A13: IMM ESPORTE | B13: SOLUCAO | C13: DROPBOX | D13: 662.5 | E13: CARLA | G13: Torre de Serviço
A14: DUTZZO | B14: SOLUCAO | C14: DROPBOX | D14: 648 | E14: CARLA | G14: Total
D16: =SUM(D2:D14) -> 247021.74

Sheet Jan26
A1: PIPELINE ACCYBER PRO JAN
A2: EMPRESA | B2: TORRE | C2: PARCEIRO | D2: VALOR | E2: RESPONSAVEL
A3: MUSIC2 | B3: SOLUÇÃO | C3: DROPBOX | D3: 70000 | E3: CARLA
A4: DETRAN RO | B4: SERVICO | C4: MSS | D4: =340000/5.4 -> 62962.963 | E4: ADRIANA
A5: HAVAN | B5: SERVICO | C5: MSS | D5: =233400/5.4 -> 43222.222 | E5: LUANA | H5: $
A6: NSTECH | B6: SOLUCAO | C6: FIGMA | D6: =172000/5.4 -> 31851.852 | E6: ADRIANA | G6: Total Forecast | H6: =D26 | I6: 1
A7: ANDBANK | B7: SOLUÇÃO | C7: RESECURITY | D7: 22000 | E7: ADRIANA
A8: COONTROL | B8: SOLUCAO | C8: DROPBOX | D8: =43018/5.5 -> 7821.4545 | E8: CARLA | G8: Total Fechado | H8: =SUM(D5,D8,D9,D14) -> 56161.677 | I8: =H8/H6 -> #DIV/0!
A9: COB | B9: SOLUÇÃO | C9: DROPBOX | D9: 4500 | E9: CARLA | G9: Total Perdido | I9: =H9/H6 -> #DIV/0!
A10: VICAR | B10: SOLUCAO | C10: DROPBOX | D10: 4140 | E10: CARLA | G10: Total DPD | I10: =H10/H6 -> #DIV/0!
A11: SENAC SP | B11: SOLUCAO | C11: FIGMA | D11: 3000 | E11: ADRIANA
A12: DUFFEL | B12: SOLUCAO | C12: DROPBOX | D12: 1224 | E12: CARLA | G12: Torre de Solução | H12: =D5 -> 43222.222
A13: IMM ESPORTE | B13: SOLUCAO | C13: DROPBOX | D13: 690 | E13: CARLA | G13: Torre de Serviço | H13: =SUM(D8,D9,D14) -> 12939.455
A14: COOPERAGUDO | B14: SOLUCAO | C14: DROPBOX | D14: 618 | E14: CARLA | G14: Total | H14: =SUM(H12:H13) -> 56161.677
D16: =SUM(D2:D14) -> 252030.49

Sheet Dezembro
A1: PIPELINE ACCYBER PRO DEZEMBRO
A2: EMPRESA | B2: TORRE | C2: PARCEIRO | D2: VALOR | E2: RESPONSAVEL
A3: XP INVESTIMENTOS | B3: SOLUCAO | C3: FIGMA | D3: =1587000/5.4 -> 293888.89 | E3: ADRIANA
A4: HAVAN | B4: SERVICO | C4: MSS | D4: =1015000/5.4 -> 187962.96 | E4: LUANA
A5: SMARTFIT | B5: SOLUÇÃO | C5: FIGMA | D5: =323000/5.4 -> 59814.815 | E5: ADRIANA
A6: TERRAL | B6: SERVICO | C6: MSS | D6: 25000 | E6: TAIS | H6: $
A7: TJMT | B7: SOLUÇÃO | C7: FIGMA | D7: =79000/5.4 -> 14629.63 | E7: ADRIANA | G7: Total Forecast | H7: =D21 | I7: 1
A8: PREVI | B8: SOLUÇÃO | C8: FIGMA | D8: =55000/5.4 -> 10185.185 | E8: ADRIANA | G8: Total Fechado | H8: =SUM(D10,D15,D16) -> 7232.963 | I8: =H8/H7 -> #DIV/0!
A9: SICOOB UNICIDADES | B9: SERVICO | C9: CONSCIENTIZACAO | D9: =43000/5.4 -> 7962.963 | E9: ADRIANA | G9: Total Perdido | I9: =H9/H7 -> #DIV/0!
A10: AGROPECUARIA TOCANDO EM FRENTE | B10: SOLUÇÃO | C10: DROPBOX | D10: 5000 | E10: CARLA | G10: Total DPD | I10: =H10/H7 -> #DIV/0!
A11: CNC | B11: SERVICO | C11: MSS | D11: 3140.75 | E11: ADRIANA
A12: HPD | B12: SERVICO | C12: MSS | D12: 3140.75 | E12: ADRIANA | G12: Torre de Solução
A13: SENAC SP | B13: SOLUCAO | C13: FIGMA | D13: 3000 | E13: ADRIANA | G13: Torre de Serviço
A14: BANCO BASA | B14: SOLUCAO | C14: FIGMA | D14: =9667/5.4 -> 1790.1852 | E14: ADRIANA | G14: Total
A15: XEROX | B15: SOLUCAO | C15: DROPBOX | D15: 1035 | E15: CARLA
A16: TSE | B16: SOLUÇÃO | C16: DROPBOX | D16: =6469/5.4 -> 1197.963 | E16: CARLA
A17: TOTAL | D17: =SUM(D4:D12) -> 316837.06 | G17: DEZEMBRO | H17: U$
G18: DROPBOX | H18: =SUM(D10,D15,D16) -> 7232.963

Sheet Novembro
A1: PIPELINE ACCYBER PRO NOVEMBRO
A2: EMPRESA | B2: TORRE | C2: PARCEIRO | D2: VALOR | E2: RESPONSAVEL
A3: MAGALU | B3: SERVICO | C3: CONSULTORIA | D3: =347000/5.4 -> 64259.259 | E3: KAMILLA
A4: RENAULT | B4: SOLUCAO | C4: RESECURITY | D4: 36665.81 | E4: ADRIANA
A5: VENTURUS | B5: SOLUCAO | C5: FIGMA | D5: =179704/5.4 -> 33278.519 | E5: ADRIANA
A6: GG EDUCACIONAL | B6: SOLUÇÃO | C6: DROPBOX | D6: 27491.64 | E6: CARLA | H6: $
A7: TERRAL | B7: SERVICO | C7: MSS | D7: 25000 | E7: TAIS | G7: Total Forecast | H7: =D27 -> 312332.43 | I7: 1
A8: GRUPO SEB | B8: SOLUÇÃO | C8: RESECURITY | D8: 20599 | E8: ADRIANA
A9: RTM | B9: SOLUCAO | C9: RESECURITY | D9: 22000 | E9: ADRIANA | G9: Total Fechado | H9: =SUM(D3,D6,D8,D10,D12,D14,D20,D22,D23) -> 152929.38 | I9: =H9/H7 -> 0.48963657
A10: BTP | B10: SERVICO | C10: CONSULTORIA | D10: 16333 | E10: ADRIANA | G10: Total Perdido | I10: =H10/H7 -> 0
A11: GRUPO AGUAS DO BRASIL | B11: SERVICO | C11: PENTEST | D11: =66690/5.4 -> 12350 | E11: ADRIANA | G11: Total DPD | I11: =H11/H7 -> 0
A12: SENAC SP | B12: SOLUCAO | C12: FIGMA | D12: =53500/5.4 -> 9907.4074 | E12: ADRIANA
A13: AGROPECUARIA TOCANDO EM FRENTE | B13: SOLUÇÃO | C13: DROPBOX | D13: =53400/5.4 -> 9888.8889 | E13: CARLA | G13: Torre de Solução | H13: =SUM(D6,D8,D12,D14,D20,D22,D23) -> 72337.121
A14: CIMY | B14: SOLUÇÃO | C14: DROPBOX | D14: =49925/5.4 -> 9245.3704 | E14: CARLA | G14: Torre de Serviço | H14: =SUM(D3,D10) -> 80592.259
A15: MOLLITAM | B15: SOLUCAO | C15: CLICKUP | D15: =31208/5.4 -> 5779.2593 | E15: CARLA | G15: Total
A16: UNICAMP | B16: SOLUCAO | C16: CLICKUP | D16: =18295/5.4 -> 3387.963 | E16: CARLA
A17: CNC | B17: SERVICO | C17: MSS | D17: 3140.75 | E17: ADRIANA
A18: HPD | B18: SERVICO | C18: MSS | D18: 3140.75 | E18: ADRIANA | G18: NOVEMBRO | H18: U$
A19: DRILLGEO | B19: SOLUÇÃO | C19: DROPBOX | D19: =16097/5.4 -> 2980.9259 | E19: CARLA | G19: MSS | H19: =D3 -> 64259.259
A20: LIGHT | B20: SOLUÇÃO | C20: FIGMA | D20: =12608/5.4 -> 2334.8148 | E20: ADRIANA | G20: DROPBOX | H20: =SUM(D6,D14,D22,D23) -> 39495.899
A21: BANCO BASA | B21: SOLUCAO | C21: FIGMA | D21: =9667/5.4 -> 1790.1852 | E21: ADRIANA | G21: FIGMA | H21: =SUM(D20,D12) -> 12242.222
A22: IMM HOLDING | B22: SOLUÇÃO | C22: DROPBOX | D22: 1750 | E22: CARLA | G22: ACCYBERPRO | H22: =D8 -> 20599
A23: POUSADA CAVALHADAS | B23: SOLUÇÃO | C23: DROPBOX | D23: =5448/5.4 -> 1008.8889 | E23: CARLA | G23: CONSULTORIA | H23: =D10+D3 -> 80592.259
A27: TOTAL | D27: =SUM(D3:D25) -> 312332.43

Sheet Outubro
A1: PIPELINE ACCYBER PRO OUTUBRO
A2: EMPRESA | B2: TORRE | C2: PARCEIRO | D2: VALOR | E2: RESPONSAVEL
A3: SICOOB CCS | B3: SERVICO | C3: MSS | D3: =373676.65/5.4 -> 69199.38 | E3: PALOMA
A4: MAGALU | B4: SERVICO | C4: MSP | D4: =347000/5.4 -> 64259.259 | E4: KAMILLA
A5: IASES | B5: SOLUCAO | C5: RESECURITY | D5: 39000 | E5: ADRIANA
A6: GRUPO SEB | B6: SOLUCAO | C6: RESECURITY | D6: 39000 | E6: ADRIANA | H6: $
A7: GAZETA DO POVO | B7: SOLUCAO | C7: RESECURITY | D7: 39000 | E7: ADRIANA | G7: Total Forecast | H7: =D26 -> 285690.57 | I7: 1
A8: COMPEL | B8: SOLUCAO | C8: DROPBOX | D8: =54570/5.5 -> 9921.8182 | E8: DANI | G8: Total Fechado | H8: =SUM(D3,D8,D12,D13,D15,D16) -> 86962.344 | I8: =H8/H7 -> 0.30439347
A9: VIVER DE ECOMMERCE | B9: SOLUCAO | C9: DROPBOX | D9: 6430 | E9: ADRIANA | G9: Total Perdido | I9: =H9/H7 -> 0
A10: ECAD | B10: SOLUCAO | C10: FIGMA | D10: 5000 | E10: ADRIANA | G10: Total DPD | I10: =H10/H7 -> 0
A11: UNICAMP | B11: SOLUCAO | C11: CLICKUP | D11: =18295/5.4 -> 3387.963 | E11: DANI
A12: FUNDACAO CARLOS ALBERTO VANZOLINI | B12: SOLUCAO | C12: DROPBOX | D12: 2598 | E12: DANI | G12: Torre de Solução | H12: =SUM(D8,D12,D15,D16) -> 15536.738
A13: BULGARELLI | B13: SERVICO | C13: PENTEST | D13: =11799/5.3 -> 2226.2264 | E13: ALYSSON | G13: Torre de Serviço | H13: =SUM(D3,D13) -> 71425.606
A14: BANCO BASA | B14: SOLUCAO | C14: FIGMA | D14: 2000 | E14: ADRIANA | G14: Total
A15: CIPEC INDUSTRIAL DE AUTOPEÇAS SA | B15: SOLUCAO | C15: DROPBOX | D15: 1634 | E15: DANI
A16: BRISTOW | B16: SOLUCAO | C16: DROPBOX | D16: 1382.92 | E16: DANI
A17: OESTE DESIGN EIRELO | B17: SOLUCAO | C17: DROPBOX | D17: 651 | E17: DANI | G17: OUTUBRO | H17: U$
G18: MSS | H18: =D3 -> 69199.38
G19: DROPBOX | H19: =SUM(D8,D12,D13,D15,D16) -> 17762.965
A26: TOTAL | D26: =SUM(D3:D24) -> 285690.57

Sheet Setembro
A1: PIPELINE ACCYBER PRO SETEMBRO
A2: EMPRESA | B2: TORRE | C2: PARCEIRO | D2: VALOR | E2: RESPONSAVEL
A3: GRB SERVICES | B3: SOLUCAO | C3: CHECK POINT | D3: 131000 | E3: ALYSSON | K3: STATUS | L3: APRIL | M3: MAY | N3: JUNE | O3: JULY | P3: AUG | Q3: SEP
A4: RENNER | B4: SOLUCAO | C4: FIGMA | D4: 100000 | E4: ADRIANA | K4: 1 | L4: 31 | M4: 39 | N4: 45 | O4: 48 | P4: 54 | Q4: 62
A5: MAGALU | B5: SERVICO | C5: MSS | D5: 95000 | E5: KAMILLA | K5: 0.9 | L5: 7 | M5: 6 | N5: 6 | O5: 4 | P5: 5 | Q5: 4
A6: HAVAN | B6: SERVICO | C6: MSS | D6: 61111 | E6: LUANA | H6: $ | K6: 0.75 | L6: 1 | M6: 1 | N6: 3 | O6: 3 | P6: 1 | Q6: 0
A7: DETRAN RO | B7: SERVICO | C7: MSS | D7: 46428.571 | E7: DANIEL | G7: Total Forecast | H7: =D28 -> 663740.61 | I7: 1 | K7: 0.6 | L7: 2 | M7: 4 | N7: 1 | O7: 3 | P7: 1 | Q7: 2
A8: RENAULT | B8: SOLUCAO | C8: RESECURITY | D8: 36665.81 | E8: ADRIANA | G8: Total Fechado | H8: =D12+D13+D20+D21+D25+D26 -> 37324.352 | I8: =H8/H7 -> 0.05623334 | K8: 0.5 | L8: 15 | M8: 16 | N8: 15 | O8: 19 | P8: 52 | Q8: 39
A9: GRUPO AGUAS DO BRASIL | B9: SOLUCAO | C9: RESECURITY | D9: 35000 | E9: ADRIANA | G9: Total Perdido | H9: =SUM(D15,D16,D19,D22,D23,D24) -> 29692 | I9: =H9/H7 -> 0.044734343 | K9: 0.25 | L9: 22 | M9: 17 | N9: 13 | O9: 16 | P9: 21 | Q9: 22
A10: MAGALU (HARDENING) | B10: SERVICO | C10: MSS | D10: 33000 | E10: ADRIANA | G10: Total DPD | H10: =SUM(D3,D5,D7,D9,D10,D11,D14,D8) -> 422294.38 | I10: =H10/H7 -> 0.63623405 | K10: 0.1 | L10: 18 | M10: 25 | N10: 18 | O10: 19 | P10: 17 | Q10: 12
A11: COELHO DA FONSECA | B11: SOLUCAO | C11: RESECURITY | D11: 29000 | E11: ADRIANA
A12: MAGALU PAY | B12: SERVICO | C12: MSS | D12: =90000/5.4 -> 16666.667 | E12: KAMILLA | G12: Torre de Solução | H12: =SUM(D20,D21,D25,D26) -> 3991.0185 | K12: TOTAL | L12: =SUM(L4:L10) -> 96 | M12: =SUM(M4:M10) -> 108 | N12: =SUM(N4:N10) -> 101 | O12: =SUM(O4:O10) -> 112 | P12: =SUM(P4:P10) -> 151 | Q12: =SUM(Q4:Q10) -> 141
A13: MAGALU CONSORCIO | B13: SERVICO | C13: MSS | D13: =90000/5.4 -> 16666.667 | E13: KAMILLA | G13: Torre de Serviço | H13: =SUM(D12,D13) -> 33333.333
A14: ECAD | B14: SOLUCAO | C14: FIGMA | D14: 16200 | E14: ADRIANA | G14: Total | H14: =SUM(H12:H13) -> 37324.352
A15: GRUPO ÁGUAS DO BRASIL | B15: SERVICO | C15: PENTEST | D15: 15000 | E15: ADRIANA
A16: LEVVA | B16: SERVICO | C16: MSS | D16: 10000 | E16: ADRIANA | G16: SETEMBRO | H16: U$
A17: MELITTA | B17: SERVICO | C17: MSS | D17: 7407.4 | E17: KAMILLA | G17: MSS | H17: =SUM(D12:D13) -> 33333.333
A18: VIVER DE ECOMMERCE | B18: SOLUCAO | C18: DROPBOX | D18: 6430 | E18: ADRIANA | G18: DROPBOX | H18: =SUM(D20,D21,D25) -> 3472.5
A19: SAE - SUPERINTENDENCIA DE AGUA | B19: SOLUCAO | C19: DROPBOX | D19: 2000 | E19: DANI | G19: FIGMA | H19: =D26 -> 518.51852
A20: MUSIC | B20: SOLUCAO | C20: DROPBOX | D20: 1440 | E20: DANI
A21: LIVONIUS | B21: SOLUCAO | C21: DROPBOX | D21: 1383 | E21: DANI
A22: UBISOFT | B22: SOLUCAO | C22: DROPBOX | D22: 1041 | E22: DANI
A23: HC USP | B23: SOLUCAO | C23: FIGMA | D23: 1000 | E23: ADRIANA
A24: IMPLACIL | B24: SOLUCAO | C24: DROPBOX | D24: 651 | E24: DANI
A25: UNSACON | B25: SOLUCAO | C25: DROPBOX | D25: 649.5 | E25: DANI
A26: LIGHT | B26: SOLUCAO | C26: FIGMA | D26: =2800/5.4 -> 518.51852 | E26: ADRIANA
A28: TOTAL | D28: =SUM(D3:D25) -> 663740.61

Sheet Agosto
A1: PIPELINE ACCYBER PRO AGOSTO
A2: EMPRESA | B2: TORRE | C2: PARCEIRO | D2: VALOR | E2: RESPONSAVEL
A3: MAGALU | B3: SERVICO | C3: MSS | D3: 95000 | E3: KAMILLA
A4: DETRAN RO | B4: SERVICO | C4: MSS | D4: 46428.571 | E4: DANIEL
A5: RENAULT | B5: SOLUCAO | C5: RESECURITY | D5: 32000 | E5: ADRIANA | K5: STATUS | L5: APRIL | M5: MAY | N5: JUNE | O5: JULY | P5: AUG
A6: BULGARELLI | B6: SOLUCAO | C6: CHECK POINT | D6: 16666 | E6: ALYSSON | H6: $ | K6: 1 | L6: 31 | M6: 39 | N6: 45 | O6: 48 | P6: 54
A7: CONSUMIDOR POSITIVO | B7: SOLUCAO | C7: FIGMA | D7: 13800 | E7: ADRIANA | G7: Total Forecast | H7: =D22 -> 233636.25 | I7: 1 | K7: 0.9 | L7: 7 | M7: 6 | N7: 6 | O7: 4 | P7: 5
A8: SOLO PROPAGANDA | B8: SOLUCAO | C8: DROPBOX | D8: 1858.4 | E8: ADRIANA | G8: Total Fechado | H8: =SUM(D6:D8,D10,D16,D18,D20) -> 40868.4 | I8: =H8/H7 -> 0.1749232 | K8: 0.75 | L8: 1 | M8: 1 | N8: 3 | O8: 3 | P8: 1
A9: VIVER DE ECOMMERCE | B9: SOLUCAO | C9: DROPBOX | D9: 6430 | E9: ADRIANA | G9: Total Perdido | H9: =SUM(D5,D11,D13,D14) -> 40217.28 | I9: =H9/H7 -> 0.1721363 | K9: 0.6 | L9: 2 | M9: 4 | N9: 1 | O9: 3 | P9: 1
A10: PRATICA KLIMAQUIP | B10: SOLUCAO | C10: DROPBOX | D10: 5852 | E10: ADRIANA | G10: Total DPD | H10: =SUM(D4,D9,D15,D17,D19,D3,D12) -> 152550.57 | I10: =H10/H7 -> 0.6529405 | K10: 0.5 | L10: 15 | M10: 16 | N10: 15 | O10: 19 | P10: 52
A11: BULGARELLI | B11: SERVICO | C11: IMPLANTACAO | D11: 4464.28 | E11: ALYSSON | K11: 0.25 | L11: 22 | M11: 17 | N11: 13 | O11: 16 | P11: 21
A12: SAE - SUPERINTENDENCIA DE AGUA | B12: SOLUCAO | C12: DROPBOX | D12: 2000 | E12: DIEGO | G12: Torre de Solução | H12: =SUM(D6:D8,D10,D16,D18,D20) -> 40868.4 | K12: 0.1 | L12: 18 | M12: 25 | N12: 18 | O12: 19 | P12: 17
A13: EUROFARMA | B13: SOLUCAO | C13: DROPBOX | D13: 1953 | E13: DIEGO | G13: Torre de Serviço | H13: 0
A14: SESC SENAC | B14: SOLUCAO | C14: FIGMA | D14: 1800 | E14: ADRIANA | G14: Total | H14: =SUM(H12:H13) -> 40868.4 | K14: TOTAL | L14: =SUM(L6:L12) -> 96 | M14: =SUM(M6:M12) -> 108 | N14: =SUM(N6:N12) -> 101 | O14: =SUM(O6:O12) -> 112 | P14: =SUM(P6:P12) -> 151
A15: UBISOFT | B15: SOLUCAO | C15: DROPBOX | D15: 1041 | E15: DIEGO
A16: HCB - HOSPITAL DE CARIDADE E BENEFICIENCIA | B16: SOLUCAO | C16: DROPBOX | D16: 1041 | E16: ADRIANA | G16: AGOSTO | H16: U$
A17: HC USP | B17: SOLUCAO | C17: FIGMA | D17: 1000 | E17: ADRIANA | G17: MSS
A18: LIGHT | B18: SOLUCAO | C18: FIGMA | D18: 1000 | E18: ADRIANA | G18: DROPBOX | H18: =SUM(D8,D10,D16,D20) -> 9402.4
A19: IMPLACIL | B19: SOLUCAO | C19: DROPBOX | D19: 651 | E19: DIEGO | G19: FIGMA | H19: =SUM(D7,D18) -> 14800
A20: COMERCIO DE COMBUSTIVEL/REDE ESTORIL | B20: SOLUCAO | C20: DROPBOX | D20: 651 | E20: ADRIANA | G20: CHECK POINT | H20: =SUM(D6) -> 16666
A22: TOTAL | D22: =SUM(D3:D20) -> 233636.25

Sheet Julho
A1: PIPELINE ACCYBER PRO JULHO
A2: EMPRESA | B2: TORRE | C2: PARCEIRO | D2: VALOR | E2: RESPONSAVEL | K2: STATUS | L2: APRIL | M2: MAY | N2: JUNE | O2: JULY
A3: LUIZA LABS | B3: SOLUCAO | C3: CLOUDFLARE | D3: 500000 | E3: MANO | H3: $ | K3: 1 | L3: 31 | M3: 39 | N3: 45 | O3: 48
A4: FUNCEF | B4: SOLUCAO | C4: DELINEA | D4: 250000 | E4: EDILAINE | G4: Total Forecast | H4: =D21 -> 864514.14 | I4: 1 | K4: 0.9 | L4: 7 | M4: 6 | N4: 6 | O4: 4
A5: DETRAN RO | B5: SERVICO | C5: MSS | D5: 46428.571 | E5: DANIEL | G5: Total Fechado | H5: =SUM(D6,D8,D12,D17,D18,D20,D16) -> 34691.07 | I5: =H5/H4 -> 0.040127822 | K5: 0.75 | L5: 1 | M5: 1 | N5: 3 | O5: 3
A6: EMBRACON | B6: SOLUCAO | C6: DROPBOX | D6: 19489.65 | E6: LUANA | G6: Total Perdido | H6: =SUM(D3,D10,D11) -> 509032.5 | I6: =H6/H4 -> 0.5888076 | K6: 0.6 | L6: 2 | M6: 4 | N6: 1 | O6: 3
A7: BULGARELLI (GRB) | B7: SERVICO | C7: PENTEST | D7: 13750 | E7: DANIEL | G7: Total DPD | H7: =SUM(D4:D5,D7,D9,D13:D15,D19) -> 320790.57 | I7: =H7/H4 -> 0.37106457 | K7: 0.5 | L7: 15 | M7: 16 | N7: 15 | O7: 19
A8: ALUBAR | B8: SERVICO | C8: MSS | D8: 9471.42 | E8: DANIEL | K8: 0.25 | L8: 22 | M8: 17 | N8: 13 | O8: 16
A9: SOLO Propaganda | B9: SOLUCAO | C9: DROPBOX | D9: 5208 | E9: DIEGO | F9: Dylan | G9: Torre de Solução | H9: =SUM(D6,D12,D17,D18,D20,D16) -> 25219.65 | K9: 0.1 | L9: 18 | M9: 25 | N9: 18 | O9: 19
A10: CPQD | B10: SERVICO | C10: MSS | D10: 5032.5 | E10: MANO | G10: Torre de Serviço | H10: =D8 -> 9471.42
A11: DELLYS | B11: SERVIÇO | C11: ASSESSMENT | D11: 4000 | E11: EDILAINE | G11: Total | H11: =SUM(H9:H10) -> 34691.07 | K11: TOTAL | L11: =SUM(L3:L9) -> 96 | M11: =SUM(M3:M9) -> 108 | N11: =SUM(N3:N9) -> 101 | O11: =SUM(O3:O9) -> 112
A12: FINISH | B12: SOLUCAO | C12: DROPBOX | D12: 2085 | E12: DIEGO
A13: EUROFARMA | B13: SOLUCAO | C13: DROPBOX | D13: 1953 | E13: DIEGO
A14: SESC SENAC | B14: SOLUCAO | C14: FIGMA | D14: 1800 | E14: ADRIANA | G14: JULHO | H14: U$
A15: HC USP | B15: SOLUCAO | C15: FIGMA | D15: 1000 | E15: ADRIANA | G15: MSS | H15: 0
A16: ARTE E ATITUDE | B16: SOLUCAO | C16: DROPBOX | D16: 1302 | E16: ADRIANA | G16: DROPBOX | H16: =SUM(D6,D12,D16,D17,D18,D20) -> 25219.65
A17: LED Sports | B17: SOLUCAO | C17: DROPBOX | D17: 1041 | E17: DIEGO | G17: ASSESSMENT | H17: =D8 -> 9471.42
A18: 2 TABELIONATO DE MARIALVA | B18: SOLUCAO | C18: DROPBOX | D18: 651 | E18: DIEGO
A19: SAE - SUPERINTENDENCIA DE AGUA | B19: SOLUCAO | C19: DROPBOX | D19: 651 | E19: DIEGO
A20: IHARABRAS | B20: SOLUCAO | C20: DROPBOX | D20: 651 | E20: DIEGO
A21: TOTAL | D21: =SUM(D3:D20) -> 864514.14

Sheet Junho
A2: PIPELINE ACCYBER PRO JUNHO
A3: EMPRESA | B3: TORRE | C3: PARCEIRO | D3: VALOR | E3: RESPONSAVEL | H3: $ | K3: STATUS | L3: APRIL | M3: MAY | N3: JUNE
A4: BANCO BTG | B4: SOLUCAO | C4: FIGMA | D4: 553571.43 | E4: ADRIANA | G4: Total Forecast | H4: =SUM(D4:D24) -> 1069360.3 | I4: 1 | K4: 1 | L4: 31 | M4: 39 | N4: 45
A5: LORENZETTI | B5: SERVICO | C5: SOC | D5: 267857.14 | E5: EDILAINE | G5: Total Fechado | H5: =SUM(D8,D13,D16,D17,D18) -> 55831 | I5: =H5/H4 -> 0.05220972 | K5: 0.9 | L5: 7 | M5: 6 | N5: 6
A6: SICOOB CENTRAL | B6: SERVICO | C6: MSS | D6: 62279.27 | E6: PALOMA | G6: Total Perdido | H6: =SUM(D11,D4, D5, D12) -> 846428.57 | I6: =H6/H4 -> 0.79152798 | K6: 0.75 | L6: 1 | M6: 1 | N6: 3
A7: DETRAN RO | B7: SERVICO | C7: MSS | D7: 46428.571 | E7: DANIEL | G7: Total DPD | H7: =SUM(D6,D7,D9,D10,D14,D15) -> 167100.7 | I7: =H7/H4 -> 0.1562623 | K7: 0.6 | L7: 2 | M7: 4 | N7: 1
A8: ASSAI | B8: SOLUCAO | C8: DROPBOX | D8: 46000 | E8: DIEGO | K8: 0.5 | L8: 15 | M8: 16 | N8: 15
A9: HAVAN | B9: SERVICO | C9: MSS | D9: 32142.857 | E9: LUANA | G9: Torre de Solução | H9: =SUM(D8,D13,D16,D17,D18) -> 55831 | K9: 0.25 | L9: 22 | M9: 17 | N9: 13
A10: EMBRATUR | B10: SOLUCAO | C10: DROPBOX | D10: 18571.429 | E10: LUANA | G10: Torre de Serviço | H10: 0 | K10: 0.1 | L10: 18 | M10: 25 | N10: 18
A11: IDWALL | B11: SOLUCAO | C11: FIGMA | D11: 16071.429 | E11: DIEGO
A12: BRF | B12: SOLUCAO | C12: FIGMA | D12: 8928.5714 | E12: DIEGO | G12: JUNHO | H12: U$ | K12: TOTAL | L12: =SUM(L4:L10) -> 96 | M12: =SUM(M4:M10) -> 108 | N12: =SUM(N4:N10) -> 101
A13: IMM ESPORTES | B13: SOLUCAO | C13: DROPBOX | D13: 6707 | E13: DIEGO | G13: MSS | H13: 0
A14: SUPERAFARMA | B14: SERVICO | C14: PENTEST | D14: =23000/5.6 -> 4107.1429 | E14: TAIS | G14: DROPBOX | H14: =SUM(D8,D13,D16,D17,D18) -> 55831
A15: QUATTROR | B15: SERVICO | C15: ASSESSMENT | D15: 3571.4286 | E15: EDILAINE | G15: ASSESSMENT
A16: MOOVEN | B16: SOLUCAO | C16: DROPBOX | D16: 1388 | E16: DIEGO
A17: IMM HOLDING | B17: SOLUCAO | C17: DROPBOX | D17: 1085 | E17: DIEGO
A18: JURUA EDITORA | B18: SOLUCAO | C18: DROPBOX | D18: 651 | E18: DIEGO

Sheet Maio
A1: PIPELINE ACCYBER PRO MAIO
A2: EMPRESA | B2: TORRE | C2: PARCEIRO | D2: VALOR | E2: RESPONSAVEL
A3: DESKTOP NET | B3: SOLUÇÃO | C3: ESET | D3: =237150/6 -> 39525 | E3: LUCAS | H3: $ | K3: FASE | L3: APRIL | M3: MAY
A4: QUERO QUERO | B4: SERVIÇO | C4: PENTEST | D4: 31666.667 | E4: TAIS | G4: Total Forecast | H4: =SUM(D3:D23) -> 200646.73 | I4: 1 | K4: 1 | L4: 31 | M4: 39
A5: TCU | B5: SOLUÇÃO | C5: FIGMA | D5: 28333.333 | E5: DANIEL | G5: Total Fechado | H5: =SUM(D7,D8,D11,D17,D19,D22,D23) -> 44537.334 | I5: =H5/H4 -> 0.2219689 | K5: 0.9 | L5: 7 | M5: 6
A6: FUNCEF | B6: SOLUÇÃO | C6: DELINEA | D6: 25000 | E6: EDI | G6: Total Perdido | H6: =SUM(D4,D5,D20) -> 60651 | I6: =H6/H4 -> 0.30227754 | K6: 0.75 | L6: 1 | M6: 1
A7: ASSAI | B7: SERVIÇO | C7: MSS | D7: 25000 | E7: JONATHAN | G7: Total DPD | H7: =SUM(D6,D9,D12,D13,D18) -> 41828.393 | I7: =H7/H4 -> 0.20846786 | K7: 0.6 | L7: 2 | M7: 4
A8: ITSEG | B8: SERVIÇO | C8: MSS | D8: =59000/5.6 -> 10535.714 | E8: JONATHAN | K8: 0.5 | L8: 15 | M8: 16
A9: CSU | B9: SERVIÇO | C9: ASSESSMENT | D9: 8666.6667 | E9: MANO | G9: Torre de Solução | H9: =SUM(,D19,D22,D23) -> 1872 | K9: 0.25 | L9: 22 | M9: 17
A10: IDWALL | B10: SOLUÇÃO | C10: FIGMA | D10: 8316.6667 | E10: DIEGO | G10: Torre de Serviço | H10: =SUM(D7,D8,D11,D17) -> 42665.334 | K10: 0.1 | L10: 18 | M10: 25
A11: BTP | B11: SERVIÇO | C11: ASSESSMENT | D11: 6247.79 | E11: MANO
A12: Intelbras S/A | B12: SOLUÇÃO | C12: DROPBOX | D12: 4164 | E12: DIEGO | G12: MAIO | H12: U$
A13: QUATTROR | B13: SERVIÇO | C13: ASSESSMENT | D13: 3166.6667 | E13: EDI | G13: MSS | H13: =SUM(D7:D8) -> 35535.714
A14: AMPLUS | B14: SOLUÇÃO | C14: DROPBOX | D14: 2033.3333 | E14: DIEGO | G14: DROPBOX | H14: =SUM(D19,D22,D23) -> 1872
A15: FIA | B15: SOLUÇÃO | C15: DROPBOX | INGRAM | D15: 1904 | E15: LUANA | G15: ASSESSMENT | H15: =SUM(D11,D17) -> 7129.62
A16: CYMI | B16: SOLUÇÃO | C16: DROPBOX | INGRAM | D16: 1200 | E16: LUANA
A17: BTP | B17: SERVIÇO | C17: TREINAMENTO | D17: 881.83 | E17: MANO
A18: AGREX | B18: SOLUÇÃO | C18: DROPBOX | INGRAM | D18: 831.06 | E18: DIEGO
A19: CGG TRADING S.A | B19: SOLUÇÃO | C19: DROPBOX | D19: 651 | E19: DIEGO
A20: JULLS | B20: SOLUÇÃO | C20: DROPBOX | D20: 651 | E20: DIEGO
A21: FDTE | B21: SOLUÇÃO | C21: DROPBOX | D21: 651 | E21: DIEGO
A22: OLIVEIRA VALE, ABDUL AHAD ADVOGADOS | B22: SOLUÇÃO | C22: DROPBOX | D22: 651 | E22: DIEGO
A23: DUTZZO | B23: SOLUÇÃO | C23: DROPBOX | INGRAM | D23: 570 | E23: DIEGO

Sheet Abril
A1: PIPELINE ACCYBER PRO ABRIL
A2: EMPRESA | B2: TORRE | C2: PARCEIRO | D2: VALOR | E2: RESPONSAVEL
A3: SICOOB UNIQUE | B3: SOLUÇÃO | C3: CHECK POINT | D3: 240000 | E3: PALOMA | H3: R$ | I3: U$ | L3: FASE | M3: QUANT.
A4: EMBRACON | B4: SOLUÇÃO | C4: DROPBOX | D4: 113040 | E4: LUANA | G4: Total Forecast | H4: =SUM(D3:D22) -> 564090.24 | I4: =H4/5.8 -> 97256.939 | J4: 1 | L4: 1 | M4: 31
A5: BTP | B5: SERVIÇO | C5: ASSESSMENT | D5: 52500 | E5: MANO | G5: Total Fechado | H5: =SUM(D10,D11,D14,D17,D18,D20,D21,D23,D16,D18,D24) -> 61013.525 | I5: =H5/5.8 -> 10519.573 | J5: =I5/I4 -> 0.1081627 | L5: 0.9 | M5: 7
A6: CSU | B6: SERVIÇO | C6: ASSESSMENT | D6: 52000 | E6: MANO | G6: Total Perdido | H6: =SUM(D7,D12) -> 24114 | I6: =H6/5.8 -> 4157.5862 | J6: =I6/I4 -> 0.042748479 | L6: 0.75 | M6: 1
A7: SEFAZ MG | B7: SOLUÇÃO | C7: FIGMA | D7: 15000 | E7: MANO | G7: Total DPD | H7: =SUM(D3:D6,D12,D15,D23) -> 483840.36 | I7: =H7/5.8 -> 83420.752 | J7: =I7/I4 -> 0.85773573 | L7: 0.6 | M7: 2
A8: ULTRA | B8: SERVIÇO | C8: MSS | D8: 12000 | E8: LUCAS | L8: 0.5 | M8: 15
A9: FIA | B9: SOLUÇÃO | C9: DROPBOX | INGRAM | D9: 11424 | E9: LUANA | G9: Torre de Solução | H9: =I5 -> 10519.573 | L9: 0.25 | M9: 22
A10: Keko Acessorios SA | B10: SOLUÇÃO | C10: DROPBOX | D10: =1041*6.1 -> 6350.1 | E10: DIEGO | G10: Torre de Serviço | H10: 0 | L10: 0.1 | M10: 18
A11: ASSIST | B11: SOLUÇÃO | C11: DROPBOX | INGRAM | D11: 9673 | E11: LUANA
A12: DUTZZO | B12: SOLUÇÃO | C12: DROPBOX | INGRAM | D12: =1519*6 -> 9114 | E12: DIEGO | G12: ABRIL | H12: U$
A13: CYMI | B13: SOLUÇÃO | C13: DROPBOX | INGRAM | D13: 7200 | E13: LUANA | G13: MSS
A14: ALDEIA LIGHT | B14: SOLUÇÃO | C14: DROPBOX | D14: =868*6.1 -> 5294.8 | E14: DIEGO | G14: DROPBOX | H14: =SUM(D10,D11,D14,D17,D18,D20,D21,D22,D24)/5.5 -> 7774.9745
A15: AGREX | B15: SOLUÇÃO | C15: DROPBOX | INGRAM | D15: 4986.36 | E15: DIEGO | G15: CLICKUP | H15: =D16/5.5 -> 738.82273
A16: UNICAMP | B16: SOLUÇÃO | C16: CLICKUP | D16: =706.7*5.75 -> 4063.525 | E16: LUANA
A17: Serrapark | B17: SOLUÇÃO | C17: DROPBOX | D17: =651*6.1 -> 3971.1 | E17: DIEGO
A18: Arthema Segurança | B18: SOLUÇÃO | C18: DROPBOX | D18: =651*6.1 -> 3971.1 | E18: DIEGO
A19: JF INFORMATICA | B19: SOLUÇÃO | C19: DROPBOX | D19: =651*6.1 -> 3971.1 | E19: DIEGO
A20: CLINICA VIA HUMANA | B20: SOLUÇÃO | C20: DROPBOX | INGRAM | D20: =651*6 -> 3906 | E20: DIEGO
A21: VH SAUDE | B21: SOLUÇÃO | C21: DROPBOX | D21: =597*6.1 -> 3641.7 | E21: DIEGO
A22: VICAR | B22: SOLUÇÃO | C22: DROPBOX | INGRAM | D22: 1983.46 | E22: LUANA
A23: AMPLUS | B23: SOLUÇÃO | C23: DROPBOX | D23: =2000*6.1 -> 12200 | E23: DIEGO
A24: HSAV / HOSPMED | B24: SOLUÇÃO | C24: DROPBOX | INGRAM | D24: =651*6.1 -> 3971.1 | E24: DIEGO
A32: Biblioteca UMC PR | B32: SOLUÇÃO | C32: DROPBOX | E32: DIEGO
A33: CGG TRADING S.A | B33: SOLUÇÃO | C33: DROPBOX | E33: DIEGO
A34: Intelbras S/A | B34: SOLUÇÃO | C34: DROPBOX | E34: DIEGO
A35: JULLS | B35: SOLUÇÃO | C35: DROPBOX | E35: DIEGO
A36: FDTE | B36: SOLUÇÃO | C36: DROPBOX | E36: DIEGO

Sheet Março
A1: PIPELINE ACCYBER PRO MARÇO
A2: EMPRESA | B2: TORRE | C2: PARCEIRO | D2: VALOR | E2: RESPONSAVEL
A3: ASSAI | B3: SERVIÇO | C3: MSS | D3: 600000 | E3: JONATHAN | H3: R$ | I3: U$
A4: MUSIC2 | B4: SOLUÇÃO | C4: DROPBOX | D4: 573300 | E4: LUANA | G4: Total Forecast | H4: =SUM(D3:D30) -> 1808106.2 | I4: =H4/5.8 -> 311742.46 | J4: 1
A5: ASSAI | B5: SERVIÇO | C5: MSS | D5: 312000 | E5: JONATHAN | G5: Total Fechado | H5: =SUM(D4,D5,D6,D8:D9,D17,D21) -> 1066563.4 | I5: =H5/5.8 -> 183890.24 | J5: =H5/H4 -> 0.58987873
A6: SETTER | B6: SOLUÇÃO | C6: DROPBOX | INGRAM | D6: 101265.12 | E6: LUANA | G6: Total Perdido | H6: =SUM(D13,D15,D16,D18) -> 26856.36 | I6: =H6/5.8 -> 4630.4069 | J6: =H6/H4 -> 0.014853309
A7: BTP | B7: SERVIÇO | C7: ASSESSMENT | D7: 52500 | E7: MANO | G7: Total DPD | H7: =SUM(D3,D7,D10:D12,D14,D19:D20) -> 714686.46 | I7: =H7/5.8 -> 123221.8 | J7: =H7/H4 -> 0.39526796
A8: COB | B8: SOLUÇÃO | C8: DROPBOX | BOXWARE | D8: 44648.25 | E8: LUANA
A9: RORAIMA ENERGIA | B9: SOLUÇÃO | C9: SWI | WEST TELCO | D9: 28938.12 | E9: LUANA | G9: Torre de Solução | H9: =SUM(D4,D6,D8,D19,D21) -> 724192.89 | I9: =H9/5.8 -> 124860.84
A10: CONSTRUTORA MBIGUCCI | B10: SERVIÇO | C10: PENTEST | D10: 28000 | E10: EDILAINE | G10: Torre de Serviço | H10: 317338.41 | I10: =H10/5.8 -> 54713.519
A11: FIA | B11: SOLUÇÃO | C11: DROPBOX | INGRAM | D11: 11424 | E11: LUANA
A12: ASSIST | B12: SOLUÇÃO | C12: DROPBOX | INGRAM | D12: 9673 | E12: LUANA | G12: MARÇO | H12: U$
A13: DUTZZO | B13: SOLUÇÃO | C13: DROPBOX | INGRAM | D13: =1519*6 -> 9114 | E13: DIEGO | G13: MSS | H13: 54713.519
A14: CYMI | B14: SOLUÇÃO | C14: DROPBOX | INGRAM | D14: 7200 | E14: LUANA | G14: DROPBOX | H14: 124675.75
A15: RADIO TRANS MUNDIAL | B15: SOLUÇÃO | C15: DROPBOX | INGRAM | D15: =1085*6 -> 6510 | E15: DIEGO
A16: UNIMED ARARAQUARA | B16: SOLUÇÃO | C16: DROPBOX | INGRAM | D16: =1041*6 -> 6246 | E16: DIEGO
A17: HAVAN | B17: SERVIÇO | C17: MSS | D17: 5338.41 | E17: LUANA
A18: AGREX | B18: SOLUÇÃO | C18: DROPBOX | INGRAM | D18: 4986.36 | E18: DIEGO
A19: CLINICA VIA HUMANA | B19: SOLUÇÃO | C19: DROPBOX | INGRAM | D19: =651*6 -> 3906 | E19: DIEGO
A20: VICAR | B20: SOLUÇÃO | C20: DROPBOX | INGRAM | D20: 1983.46 | E20: LUANA
A21: XEROX | B21: SOLUÇÃO | C21: DROPBOX | BOXWARE | D21: 1073.52 | E21: DIEGO

Sheet Até Fev
A1: PIPELINE ACCYBER PRO ATÉ FEV.
A2: EMPRESA | B2: TORRE | C2: PARCEIRO | D2: VALOR | E2: RESPONSAVEL | H2: R$ | I2: U$
A3: DRILLGEO | B3: SOLUÇÃO | C3: DROPBOX | D3: 15585.04 | E3: LUANA | G3: Total Fechado | H3: =SUM(D3:D16) -> 445612.79 | I3: =H3/5.8 -> 76829.791
A4: AGROPECUARIA TOCANDO EM FRENTE | B4: SOLUÇÃO | C4: DROPBOX | D4: 53400 | E4: LUANA
A5: MUSIC2 | B5: SOLUÇÃO | C5: DROPBOX | D5: 5747.76 | E5: LUANA | G5: Torre de Solução | H5: =SUM(D3:D9,D12,D14:D16) -> 188612.79 | I5: =H5/5.8 -> 32519.447
A6: UNICAMP | B6: SOLUÇÃO | C6: CLICKUP | D6: 14230.34 | E6: LUANA | G6: Torre de Serviço | H6: =H3-H5 -> 257000 | I6: =H6/5.8 -> 44310.345
A7: POUSADA DAS CAVALHADAS | B7: SOLUÇÃO | C7: DROPBOX | D7: 6556.63 | E7: LUANA
A8: LIVONIUS | B8: SOLUÇÃO | C8: DROPBOX | D8: 14968.8 | E8: LUANA | G8: FEVEREIRO | H8: U$
A9: IMM HOLDING | B9: SOLUÇÃO | C9: DROPBOX | D9: 17074.75 | E9: LUANA | G9: ASSESSMENT | H9: =D13/5.8 -> 14655.172
A10: CNC | B10: SERVIÇO | C10: MSS | D10: 76000 | E10: JONATHAN | G10: CLICKUP | H10: =D5/5.8 -> 990.9931
A11: HOSPITAL PORTO DIAS | B11: SERVIÇO | C11: MSS | D11: 96000 | E11: ANDERSON | G11: DROPBOX | H11: =SUM(D3,D4,D5,D7,D8,D9,D12,D14,D15,D16)/5.8 -> 30065.94
A12: COMPEL | B12: SOLUÇÃO | C12: DROPBOX | D12: 7187.04 | E12: LUANA | G12: MSS | H12: =SUM(D10:D11)/5.8 -> 29655.172
A13: MALWEE | B13: SERVIÇO | C13: ASSESSMENT | D13: 85000 | E13: LUCAS
A14: TSE | B14: SOLUÇÃO | C14: DROPBOX | D14: 5699.43 | E14: LUANA
A15: FINISH | B15: SOLUÇÃO | C15: DROPBOX | D15: 3582.6 | E15: DIEGO
A16: CONTROL | B16: SOLUÇÃO | C16: DROPBOX | D16: 44580.4 | E16: DIEGO
